/* Delete the tables if they already exist */
drop table if exists EMPLOYEE;
drop table if exists DEPARTMENT;
drop table if exists JOB;
drop table if exists LOCATION;
drop table if exists EMPLOYEE1;
drop table if exists EMPLOYEE2;
drop table if exists CUSTOMER;

/* Create the schema for our tables */
CREATE TABLE EMPLOYEE (
  employeeID INT
 ,last_name VARCHAR(20)
 ,first_name VARCHAR(20)
 ,jobID INT
 ,managerID INT
 ,hiredate VARCHAR(20)
 ,salary FLOAT
 ,comm FLOAT
 ,departmentID INT
);
CREATE TABLE DEPARTMENT (
  departmentID INT
 ,dept_name VARCHAR(20)
 ,loactionID INT
);
CREATE TABLE JOB (
  jobID INT
 ,job_name VARCHAR(20)
);
CREATE TABLE LOCATION (
  locationID INT
 ,regional_group VARCHAR(20)
);
CREATE TABLE EMPLOYEE1
(
    employee_ID INT,
    first_name VARCHAR(20),
    last_name VARCHAR(20),
    jobID VARCHAR(20),
    salary INT,
    manager_ID INT,
    departmentID INT
);
CREATE TABLE EMPLOYEE2
(
    first_name VARCHAR(20),
    last_name VARCHAR(20)
);
CREATE TABLE CUSTOMER
(
    first_name VARCHAR(20),
    last_name VARCHAR(20)
);
/* Populate the tables with our data */

/* EMPLOYEE TABLE */
INSERT INTO EMPLOYEE
  VALUES (7369, 'SMITH', 'JOHN', 667, 7902, '17 - DEC - 84', 800, NULL, 20);
INSERT INTO EMPLOYEE
  VALUES (7499, 'ALLEN', 'KEVIN', 670, 7698, '20 - FEB - 85', 1600, 300, 30);
INSERT INTO EMPLOYEE
  VALUES (7505, 'DOYLE', 'JEAN', 671, 7839, '04 - APR - 85', 2850, NULL, 30);
INSERT INTO EMPLOYEE
  VALUES (7506, 'DENNIS', 'LYNN', 671, 7839, '15 - MAY - 85', 2750, NULL, 30);
INSERT INTO EMPLOYEE
  VALUES (7507, 'BAKER', 'LESLIE', 671, 7839, '10 - JUN - 85', 2200, NULL, 40);
INSERT INTO EMPLOYEE
  VALUES (7521, 'WARK', 'CYNTHIA', 670, 7698, '22 - FEB - 85', 1250, 500, 30);

/* DEPARTMENT TABLE */
INSERT INTO DEPARTMENT
  VALUES (10, 'ACCOUNTING', 122);
INSERT INTO DEPARTMENT
  VALUES (20, 'RESEARCH', 124);
INSERT INTO DEPARTMENT
  VALUES (30, 'SALES', 123);
INSERT INTO DEPARTMENT
  VALUES (40, 'OPERATIONS', 167);

/* JOB TABLE */
INSERT INTO JOB
  VALUES (667, 'CLERK');
INSERT INTO JOB
  VALUES (668, 'STAFF');
INSERT INTO JOB
  VALUES (669, 'ANALYST');
INSERT INTO JOB
  VALUES (670, 'SALESPERSON');
INSERT INTO JOB
  VALUES (671, 'MANAGER');
INSERT INTO JOB
  VALUES (672, 'PRESIDENT');

/* LOCATION TABLE */
INSERT INTO LOCATION
  VALUES (122, 'NEWYORK');
INSERT INTO LOCATION
  VALUES (123, 'DALLAS');
INSERT INTO LOCATION
  VALUES (124, 'CHICAGO');
INSERT INTO LOCATION
  VALUES (167, 'BOSTON');
  
/* EMPLOYEE1 TABLE */
INSERT INTO EMPLOYEE1
VALUES
(100, 'STEVEN', 'KING', 'AD_PRES', 24000, 0, 90);
INSERT INTO EMPLOYEE1
VALUES
(100, 'STEVEN', 'KING', 'AD_PRES', 24000, 0, 90);
INSERT INTO EMPLOYEE1
VALUES
(102, 'LEX', 'DE HAAN', 'AD_VP', 17000, 100, 90);
INSERT INTO EMPLOYEE1
VALUES
(103, 'ALEXANDER', 'HUNOLD', 'IT_PROG', 9000, 102, 60);
INSERT INTO EMPLOYEE1
VALUES
(103, 'ALEXANDER', 'HUNOLD', 'IT_PROG', 9000, 102, 60);
INSERT INTO EMPLOYEE1
VALUES
(105, 'DAVID', 'AUSTIN', 'IT_PROG', 4800, 103, 60);
INSERT INTO EMPLOYEE1
VALUES
(106, 'VALLI', 'PATABALLA', 'IT_PROG', 4800, 103, 60);
INSERT INTO EMPLOYEE1
VALUES
(107, 'DIANA', 'LORENTZ', 'IT_PROG', 4200, 103, 60);
INSERT INTO EMPLOYEE1
VALUES
(107, 'DIANA', 'LORENTZ', 'IT_PROG', 4200, 103, 60);
INSERT INTO EMPLOYEE1
VALUES
(109, 'DANIEL', 'FAVIET', 'FI_ACCOUNT', 9000, 108, 100);
INSERT INTO EMPLOYEE1
VALUES
(105, 'DAVID', 'AUSTIN', 'IT_PROG', 4800, 103, 60);
/* EMPLOYEE2 TABLE */
INSERT INTO EMPLOYEE2
VALUES
('CHRISTINA', 'JONES');
INSERT INTO EMPLOYEE2
VALUES
('MICHAEL', 'McDONALD');
INSERT INTO EMPLOYEE2
VALUES
('PAULA', 'JOHNSON');
INSERT INTO EMPLOYEE2
VALUES
('STEPHEN', 'JONES');
INSERT INTO EMPLOYEE2
VALUES
('RICHARD', 'SMITH');
/* CUSTOMER TABLE */
INSERT INTO CUSTOMER
VALUES
('STEPHEN', 'JONES');
INSERT INTO CUSTOMER
VALUES
('MARK', 'SMITH');
INSERT INTO CUSTOMER
VALUES
('DENIS', 'KING');
INSERT INTO CUSTOMER
VALUES
('PAULA', 'JOHNSON');
INSERT INTO CUSTOMER
VALUES
('RICHARD', 'ARCHER');
